fecha,estado,municipio,parroquia,sector,nombres_completos,cedula,genero,fecha_nacimiento,direccion,correo,telefono,institucion,grado,turno,tipo_institucion,num_personas,num_hermanos,fuente_ingreso,trabaja,dificultades,apoyos,banco,tipo_cuenta,numero_cuenta,servicio_comunitario,horarios,ubicacion_universidad
2026-08-16,Zulia,ROSARIO DE PERIJA,DONALDO GARCÍA,Villa del Rosario,Valentina Diego Romero Martinez,27678312,F,2006-09-16,"Calle 11, Villa del Rosario, casa 10",valentina.romero78@example.com,0412-8521286,URBE,1er semestre,DIURNO,PRIVADA,5,3,FORMAL,NO,utiles,"material_escolar, beca, empleo",Banco del Tesoro,Ahorro,01630000674469291241,SI,Martes y jueves,Maracaibo
2026-08-10,Zulia,ROSARIO DE PERIJA,DONALDO GARCÍA,San Miguel,Marta Fernando Mendoza Gomez,31210094,M,2007-10-25,"Calle 1, San Miguel, casa 22",marta.mendoza8@example.com,0414-9833957,U.E. Nuestra Senora del Carmen,6to ano,VESPERTINO,PUBLICA,2,5,FORMAL,NO,"transporte, hospedaje, alimentacion","alimentacion_apoyo, material_escolar",Banco Occidental de Descuento,Corriente,01160000614363134552,SI,Lunes y miercoles,La Villa
2026-08-18,Zulia,ROSARIO DE PERIJA,EL ROSARIO,Corito,Ana Camila Lopez Romero,30301647,M,2007-10-05,"Calle 2, Corito, casa 11",ana.lopez74@example.com,0424-7092090,U.E. Colegio Santa Rita,5to ano,DIURNO,PRIVADA,7,1,NINGUNO,NO,"alimentacion, hospedaje, tecnologia","alimentacion_apoyo, ayuda_economica",Banco Mercantil,Corriente,01050000235919541989,SI,Sabados en la manana,foraneo
2026-08-22,Zulia,ROSARIO DE PERIJA,EL ROSARIO,El Carmen,Gabriel Lucia Diaz Flores,31081450,F,2010-02-17,"Calle 13, El Carmen, casa 31",gabriel.diaz40@example.com,0412-7188720,U.E. Nuestra Senora del Carmen,4to ano,DIURNO,PUBLICA,7,2,INFORMAL,NO,"utiles, matricula, alimentacion","transporte_apoyo, alimentacion_apoyo",BBVA Provincial,Corriente,01080000242434175978,NO,,La Villa
2026-08-08,Zulia,ROSARIO DE PERIJA,EL ROSARIO,San Miguel,Diego Elena Gonzalez Ramirez,26145713,M,2007-11-27,"Calle 4, San Miguel, casa 12",diego.gonzalez90@example.com,0426-5687905,U.E. Colegio San Jose,5to ano,NOCTURNO,PRIVADA,6,2,INFORMAL,NO,hospedaje,transporte_apoyo,Banco del Tesoro,Corriente,01630000217247997637,NO,,La Villa
2026-08-01,Zulia,ROSARIO DE PERIJA,DONALDO GARCÍA,La Marina,Daniela Jorge Diaz Ruiz,28047354,M,2006-11-20,"Calle 2, La Marina, casa 15",daniela.diaz48@example.com,0424-1122764,LUZ,5to semestre,NOCTURNO,PUBLICA,5,1,INFORMAL,NO,"alimentacion, transporte","alimentacion_apoyo, beca",Banco Nacional de Credito,Ahorro,01910000726788605565,SI,Martes y jueves,Maracaibo
2026-08-26,Zulia,ROSARIO DE PERIJA,DONALDO GARCÍA,La Marina,Elena Jesus Fernandez Gonzalez,26995575,M,2007-09-24,"Calle 3, La Marina, casa 89",elena.fernandez96@example.com,0424-5527361,U.E. Colegio San Jose,4to ano,VESPERTINO,PRIVADA,8,3,NINGUNO,NO,alimentacion,"empleo, material_escolar, transporte_apoyo",Banco Nacional de Credito,Ahorro,01910000374022653033,NO,,foraneo
2026-08-15,Zulia,ROSARIO DE PERIJA,DONALDO GARCÍA,El Recreo,Andres Gabriel Ruiz Gonzalez,31242493,M,2006-03-20,"Calle 2, El Recreo, casa 83",andres.ruiz95@example.com,0426-5887033,LUZ,3er semestre,NOCTURNO,PUBLICA,3,2,INFORMAL,NO,"alimentacion, tecnologia, transporte","empleo, transporte_apoyo",Banco Bicentenario,Corriente,01750000431519946458,SI,Martes y jueves,foraneo
2026-08-05,Zulia,ROSARIO DE PERIJA,SIXTO ZAMBRANO,Corito,Carlos Sofia Rodriguez Martinez,28212093,M,2005-03-28,"Calle 6, Corito, casa 58",carlos.rodriguez96@example.com,0416-5324167,U.E. Colegio San Jose,4to ano,DIURNO,PRIVADA,5,2,INFORMAL,SI,"transporte, tecnologia, matricula",alimentacion_apoyo,Banco Bicentenario,Ahorro,01750000499446546839,NO,,Maracaibo
2026-08-15,Zulia,ROSARIO DE PERIJA,EL ROSARIO,San Miguel,Andres Fernando Vargas Ramirez,26727922,M,2007-11-30,"Calle 12, San Miguel, casa 88",andres.vargas97@example.com,0424-3240309,U.E. Dr. Rafael Urdaneta,5to ano,VESPERTINO,PUBLICA,8,4,INFORMAL,NO,utiles,"ayuda_economica, beca, material_escolar",Banco de Venezuela,Corriente,01020000207462801773,NO,,La Villa
2026-08-13,Zulia,ROSARIO DE PERIJA,SIXTO ZAMBRANO,Las Palmeras,Daniela Jesus Ortiz Vargas,31469148,F,2009-12-01,"Calle 3, Las Palmeras, casa 32",daniela.ortiz4@example.com,0424-5977074,U.E. Dr. Rafael Urdaneta,4to ano,DIURNO,PUBLICA,2,1,NINGUNO,SI,"utiles, transporte, matricula","beca, transporte_apoyo, ayuda_economica",BBVA Provincial,Corriente,01080000452777287389,SI,Sabados en la manana,La Villa
2026-08-22,Zulia,ROSARIO DE PERIJA,DONALDO GARCÍA,Centro,Lucia Ana Benitez Martinez,30022826,M,2008-09-05,"Calle 17, Centro, casa 13",lucia.benitez50@example.com,0424-2336149,Instituto Universitario de Tecnologia,4to semestre,DIURNO,PUBLICA,4,3,FORMAL,SI,"hospedaje, matricula, tecnologia","transporte_apoyo, alimentacion_apoyo, beca",Banco Bicentenario,Ahorro,01750000964882876862,SI,Lunes y miercoles,La Villa
2026-08-20,Zulia,ROSARIO DE PERIJA,EL ROSARIO,San Jose,Sofia Carlos Gonzalez Martinez,27053563,F,2008-05-28,"Calle 2, San Jose, casa 56",sofia.gonzalez58@example.com,0414-2882866,U.E. Dr. Rafael Urdaneta,4to ano,DIURNO,PUBLICA,7,5,FORMAL,SI,alimentacion,alimentacion_apoyo,Banco Occidental de Descuento,Ahorro,01160000772141658922,NO,,Maracaibo
2026-08-13,Zulia,ROSARIO DE PERIJA,EL ROSARIO,San Miguel,Isabel Andres Romero Castillo,27675785,F,2003-07-24,"Calle 4, San Miguel, casa 36",isabel.romero5@example.com,0426-6948961,U.E. Dr. Rafael Urdaneta,4to ano,DIURNO,PUBLICA,4,0,NINGUNO,SI,tecnologia,"transporte_apoyo, material_escolar, alimentacion_apoyo",Banco del Tesoro,Corriente,01630000812288055154,NO,,Maracaibo
2026-08-06,Zulia,ROSARIO DE PERIJA,SIXTO ZAMBRANO,Las Colinas,Jesus Gabriel Rios Ramirez,27395693,F,2003-12-26,"Calle 13, Las Colinas, casa 35",jesus.rios73@example.com,0424-9855079,U.E. Dr. Rafael Urdaneta,4to ano,NOCTURNO,PUBLICA,6,2,NINGUNO,SI,hospedaje,material_escolar,Banco Bicentenario,Corriente,01750000456797692678,SI,Viernes,Maracaibo
2026-08-02,Zulia,ROSARIO DE PERIJA,EL ROSARIO,San Miguel,Ana Andres Diaz Gomez,27811466,M,2009-04-28,"Calle 11, San Miguel, casa 43",ana.diaz43@example.com,0424-5860708,U.E. Nuestra Senora del Carmen,5to ano,DIURNO,PUBLICA,2,2,INFORMAL,NO,"transporte, hospedaje","ayuda_economica, beca, material_escolar",BBVA Provincial,Corriente,01080000195068011191,NO,,Maracaibo
2026-08-15,Zulia,ROSARIO DE PERIJA,DONALDO GARCÍA,San Jose,Jorge Pedro Rodriguez Lopez,26312978,M,2007-08-08,"Calle 5, San Jose, casa 20",jorge.rodriguez8@example.com,0412-9360262,U.E. Nuestra Senora del Carmen,5to ano,NOCTURNO,PUBLICA,8,0,FORMAL,SI,"hospedaje, tecnologia","material_escolar, beca",Banco Bicentenario,Corriente,01750000874572201390,NO,,Maracaibo
2026-08-12,Zulia,ROSARIO DE PERIJA,SIXTO ZAMBRANO,Centro,Diego Isabel Castillo Rios,26194298,M,2007-02-13,"Calle 13, Centro, casa 31",diego.castillo21@example.com,0424-1734583,Instituto Universitario de Tecnologia,3er semestre,NOCTURNO,PUBLICA,2,4,INFORMAL,SI,"alimentacion, tecnologia, matricula",material_escolar,Banco del Tesoro,Ahorro,01630000545046094239,NO,,La Villa
2026-08-27,Zulia,ROSARIO DE PERIJA,EL ROSARIO,El progreso,Maria Diego Benitez Ramirez,25379350,F,2003-01-31,"Calle 15, El progreso, casa 33",maria.benitez64@example.com,0414-2079886,LUZ,5to semestre,VESPERTINO,PUBLICA,8,4,FORMAL,NO,"utiles, transporte","alimentacion_apoyo, material_escolar",Banesco,Ahorro,01340000622204477618,NO,,Maracaibo
2026-08-07,Zulia,ROSARIO DE PERIJA,SIXTO ZAMBRANO,La Esperanza,Marta Camila Benitez Romero,29728781,M,2006-05-24,"Calle 5, La Esperanza, casa 88",marta.benitez89@example.com,0414-2265079,U.E. Nuestra Senora del Carmen,6to ano,NOCTURNO,PUBLICA,2,3,FORMAL,NO,"matricula, hospedaje, transporte","transporte_apoyo, beca",Banco Mercantil,Ahorro,01050000166768617003,SI,Martes y jueves,Maracaibo
2026-08-16,Zulia,ROSARIO DE PERIJA,EL ROSARIO,La Esperanza,Fernando Diego Romero Mendoza,31068896,M,2007-02-26,"Calle 16, La Esperanza, casa 91",fernando.romero46@example.com,0414-6348103,URBE,1er semestre,DIURNO,PRIVADA,3,5,FORMAL,NO,tecnologia,empleo,Banco Occidental de Descuento,Ahorro,01160000710148639784,SI,Sabados en la manana,foraneo
2026-08-06,Zulia,ROSARIO DE PERIJA,EL ROSARIO,Corito,Jorge Andres Ramirez Martinez,29077748,M,2003-06-26,"Calle 15, Corito, casa 30",jorge.ramirez47@example.com,0414-4023810,U.E. Colegio Santa Rita,5to ano,NOCTURNO,PRIVADA,4,5,NINGUNO,SI,"utiles, matricula",alimentacion_apoyo,Banco Nacional de Credito,Ahorro,01910000911029047113,SI,Sabados en la manana,La Villa
2026-08-05,Zulia,ROSARIO DE PERIJA,EL ROSARIO,El progreso,Camila Lucia Lopez Rios,29392268,F,2005-08-07,"Calle 13, El progreso, casa 32",camila.lopez9@example.com,0412-8859467,LUZ,5to semestre,VESPERTINO,PUBLICA,7,1,FORMAL,SI,tecnologia,"empleo, transporte_apoyo",Banco de Venezuela,Ahorro,01020000873892331799,NO,,La Villa
2026-08-18,Zulia,ROSARIO DE PERIJA,DONALDO GARCÍA,El Recreo,Andres Marta Rodriguez Lopez,28948435,M,2008-10-06,"Calle 1, El Recreo, casa 62",andres.rodriguez48@example.com,0426-6898631,LUZ,5to semestre,VESPERTINO,PUBLICA,7,2,NINGUNO,SI,"alimentacion, utiles","ayuda_economica, transporte_apoyo, beca",BBVA Provincial,Corriente,01080000346704034251,SI,Martes y jueves,foraneo
2026-08-25,Zulia,ROSARIO DE PERIJA,SIXTO ZAMBRANO,Centro,Elena Jorge Rodriguez Ruiz,25833461,M,2010-11-21,"Calle 18, Centro, casa 56",elena.rodriguez53@example.com,0414-5601100,U.E. Colegio San Jose,4to ano,VESPERTINO,PRIVADA,5,1,INFORMAL,SI,hospedaje,empleo,Banco Occidental de Descuento,Ahorro,01160000831278433575,SI,Viernes,Maracaibo
2026-08-12,Zulia,ROSARIO DE PERIJA,EL ROSARIO,San Miguel,Lucia Maria Suarez Castillo,29244670,M,2003-06-13,"Calle 4, San Miguel, casa 27",lucia.suarez37@example.com,0412-8388861,U.E. Colegio San Jose,4to ano,VESPERTINO,PRIVADA,3,3,NINGUNO,SI,hospedaje,alimentacion_apoyo,Banco Mercantil,Corriente,01050000658101553831,NO,,Maracaibo
2026-08-12,Zulia,ROSARIO DE PERIJA,EL ROSARIO,El Carmen,Diego Sofia Martinez Flores,30214809,M,2010-09-19,"Calle 8, El Carmen, casa 86",diego.martinez47@example.com,0416-4484223,URBE,3er semestre,DIURNO,PRIVADA,3,5,INFORMAL,NO,"matricula, alimentacion","transporte_apoyo, alimentacion_apoyo, empleo",Banesco,Corriente,01340000778584023346,NO,,La Villa
2026-08-22,Zulia,ROSARIO DE PERIJA,DONALDO GARCÍA,Corito,Gabriel Jose Suarez Benitez,30708359,F,2006-12-10,"Calle 15, Corito, casa 23",gabriel.suarez47@example.com,0414-1353696,U.E. Nuestra Senora del Carmen,5to ano,VESPERTINO,PUBLICA,6,1,FORMAL,NO,"tecnologia, matricula, alimentacion","transporte_apoyo, ayuda_economica",Banco del Tesoro,Corriente,01630000788605184471,SI,Viernes,foraneo
2026-08-16,Zulia,ROSARIO DE PERIJA,EL ROSARIO,San Jose,Luis Maria Gomez Diaz,29577811,F,2006-09-14,"Calle 3, San Jose, casa 64",luis.gomez17@example.com,0424-7628972,Instituto Universitario de Tecnologia,1er semestre,VESPERTINO,PUBLICA,6,0,NINGUNO,SI,utiles,alimentacion_apoyo,Banco Bicentenario,Ahorro,01750000265546141359,SI,Viernes,Maracaibo
2026-08-08,Zulia,ROSARIO DE PERIJA,DONALDO GARCÍA,La Esperanza,Daniela Jorge Ortiz Flores,26889823,M,2010-03-02,"Calle 4, La Esperanza, casa 42",daniela.ortiz12@example.com,0416-4669401,URBE,4to semestre,VESPERTINO,PRIVADA,3,5,INFORMAL,SI,"transporte, tecnologia","transporte_apoyo, ayuda_economica",Banco Mercantil,Ahorro,01050000356487108758,NO,,La Villa
2026-08-27,Zulia,ROSARIO DE PERIJA,DONALDO GARCÍA,La Paz,Valentina Jose Fernandez Ruiz,27702281,F,2004-08-20,"Calle 13, La Paz, casa 26",valentina.fernandez47@example.com,0426-4174520,LUZ,5to semestre,VESPERTINO,PUBLICA,8,1,INFORMAL,SI,"utiles, matricula","material_escolar, ayuda_economica",Banco Mercantil,Ahorro,01050000694378198396,NO,,Maracaibo
2026-08-09,Zulia,ROSARIO DE PERIJA,SIXTO ZAMBRANO,El progreso,Sofia Ana Perez Gonzalez,25843413,F,2006-05-22,"Calle 3, El progreso, casa 19",sofia.perez40@example.com,0412-3885743,U.E. Colegio San Jose,4to ano,DIURNO,PRIVADA,6,5,INFORMAL,SI,"alimentacion, utiles","material_escolar, beca, empleo",Banco de Venezuela,Ahorro,01020000167912962144,SI,Lunes y miercoles,La Villa
2026-08-09,Zulia,ROSARIO DE PERIJA,DONALDO GARCÍA,El Carmen,Sofia Gabriel Ramirez Rodriguez,30996044,F,2006-09-06,"Calle 12, El Carmen, casa 73",sofia.ramirez5@example.com,0412-9360130,U.E. Colegio San Jose,4to ano,DIURNO,PRIVADA,5,3,NINGUNO,SI,tecnologia,"alimentacion_apoyo, beca, ayuda_economica",Banco Nacional de Credito,Corriente,01910000660209220587,SI,Sabados en la manana,Maracaibo
2026-08-07,Zulia,ROSARIO DE PERIJA,SIXTO ZAMBRANO,La Esperanza,Sofia Fernando Ramirez Torres,29314897,F,2007-02-03,"Calle 1, La Esperanza, casa 49",sofia.ramirez65@example.com,0412-9719898,U.E. Dr. Rafael Urdaneta,4to ano,DIURNO,PUBLICA,6,2,FORMAL,SI,"utiles, matricula",material_escolar,Banco del Tesoro,Corriente,01630000880591114157,NO,,Maracaibo
2026-08-18,Zulia,ROSARIO DE PERIJA,DONALDO GARCÍA,El progreso,Diego Daniela Lopez Rodriguez,29581934,F,2003-04-24,"Calle 9, El progreso, casa 34",diego.lopez51@example.com,0412-4619855,Instituto Universitario de Tecnologia,1er semestre,DIURNO,PUBLICA,8,2,INFORMAL,SI,"utiles, transporte","beca, empleo",Banesco,Ahorro,01340000166055688737,SI,Sabados en la manana,Maracaibo
2026-08-07,Zulia,ROSARIO DE PERIJA,SIXTO ZAMBRANO,Villa del Rosario,Daniela Jose Perez Rodriguez,31831700,M,2010-08-04,"Calle 5, Villa del Rosario, casa 27",daniela.perez11@example.com,0416-6144063,U.E. Dr. Rafael Urdaneta,4to ano,DIURNO,PUBLICA,6,4,INFORMAL,NO,transporte,"beca, ayuda_economica",Banco de Venezuela,Ahorro,01020000548005741012,SI,Lunes y miercoles,La Villa
2026-08-09,Zulia,ROSARIO DE PERIJA,DONALDO GARCÍA,Centro,Gabriel Daniela Flores Rodriguez,25345431,F,2006-07-25,"Calle 9, Centro, casa 69",gabriel.flores68@example.com,0426-7040623,U.E. Colegio San Jose,4to ano,DIURNO,PRIVADA,3,3,INFORMAL,NO,"utiles, transporte","alimentacion_apoyo, material_escolar, ayuda_economica",Banco Mercantil,Ahorro,01050000199982611174,SI,Viernes,La Villa
2026-08-02,Zulia,ROSARIO DE PERIJA,SIXTO ZAMBRANO,San Jose,Camila Maria Martinez Flores,25362568,M,2004-08-25,"Calle 12, San Jose, casa 40",camila.martinez7@example.com,0414-9347278,U.E. Dr. Rafael Urdaneta,4to ano,DIURNO,PUBLICA,7,3,INFORMAL,NO,"utiles, hospedaje","empleo, ayuda_economica, transporte_apoyo",Banco del Tesoro,Corriente,01630000165335888812,SI,Viernes,La Villa
2026-08-21,Zulia,ROSARIO DE PERIJA,SIXTO ZAMBRANO,Corito,Camila Luis Lopez Castillo,27755973,M,2005-01-06,"Calle 5, Corito, casa 59",camila.lopez12@example.com,0414-7588600,U.E. Colegio Santa Rita,4to ano,DIURNO,PRIVADA,4,1,INFORMAL,NO,"utiles, hospedaje, transporte","alimentacion_apoyo, material_escolar",Banco de Venezuela,Corriente,01020000323758359152,SI,Martes y jueves,foraneo
2026-08-04,Zulia,ROSARIO DE PERIJA,DONALDO GARCÍA,Las Colinas,Pedro Lucia Torres Diaz,29352539,F,2008-04-11,"Calle 4, Las Colinas, casa 82",pedro.torres76@example.com,0426-5906687,U.E. Nuestra Senora del Carmen,6to ano,NOCTURNO,PUBLICA,4,5,NINGUNO,SI,"matricula, tecnologia","transporte_apoyo, beca, material_escolar",Banco Nacional de Credito,Corriente,01910000878788223778,NO,,Maracaibo
2026-08-10,Zulia,ROSARIO DE PERIJA,SIXTO ZAMBRANO,Las Colinas,Gabriel Isabel Benitez Mendoza,29304318,F,2005-05-02,"Calle 17, Las Colinas, casa 30",gabriel.benitez50@example.com,0414-5545260,U.E. Colegio San Jose,4to ano,NOCTURNO,PRIVADA,8,4,INFORMAL,NO,transporte,"beca, transporte_apoyo",Banco Occidental de Descuento,Ahorro,01160000381258563459,NO,,Maracaibo
2026-08-22,Zulia,ROSARIO DE PERIJA,SIXTO ZAMBRANO,Corito,Marta Luis Ortiz Vargas,25139941,M,2003-07-16,"Calle 5, Corito, casa 40",marta.ortiz27@example.com,0416-8061631,U.E. Colegio San Jose,5to ano,NOCTURNO,PRIVADA,8,3,NINGUNO,SI,hospedaje,material_escolar,Banesco,Corriente,01340000167877618630,NO,,La Villa
2026-08-30,Zulia,ROSARIO DE PERIJA,DONALDO GARCÍA,El Recreo,Sofia Pedro Gomez Lopez,27328387,M,2006-12-31,"Calle 20, El Recreo, casa 53",sofia.gomez31@example.com,0424-1654529,LUZ,3er semestre,NOCTURNO,PUBLICA,7,5,INFORMAL,SI,transporte,"material_escolar, beca, transporte_apoyo",BBVA Provincial,Ahorro,01080000913340588691,SI,Lunes y miercoles,foraneo
2026-08-02,Zulia,ROSARIO DE PERIJA,EL ROSARIO,Villa del Rosario,Fernando Camila Lopez Ramirez,30085390,M,2010-05-20,"Calle 16, Villa del Rosario, casa 80",fernando.lopez55@example.com,0426-5215320,LUZ,7mo semestre,NOCTURNO,PUBLICA,7,1,FORMAL,SI,"utiles, matricula",alimentacion_apoyo,Banesco,Corriente,01340000463293182558,SI,Viernes,Maracaibo
2026-08-14,Zulia,ROSARIO DE PERIJA,EL ROSARIO,La Paz,Carlos Maria Gomez Castillo,28200355,F,2006-04-26,"Calle 2, La Paz, casa 30",carlos.gomez40@example.com,0412-3895016,Instituto Universitario de Tecnologia,2do semestre,DIURNO,PUBLICA,3,3,NINGUNO,NO,"tecnologia, transporte, hospedaje","alimentacion_apoyo, material_escolar, transporte_apoyo",Banco Occidental de Descuento,Ahorro,01160000421077232797,SI,Martes y jueves,La Villa
2026-08-23,Zulia,ROSARIO DE PERIJA,SIXTO ZAMBRANO,Las Palmeras,Maria Elena Ruiz Rios,29592525,M,2007-11-01,"Calle 14, Las Palmeras, casa 45",maria.ruiz43@example.com,0426-6419303,LUZ,5to semestre,VESPERTINO,PUBLICA,3,0,FORMAL,SI,"hospedaje, matricula, transporte","alimentacion_apoyo, material_escolar",Banco Bicentenario,Ahorro,01750000692062765067,NO,,La Villa
2026-08-16,Zulia,ROSARIO DE PERIJA,SIXTO ZAMBRANO,Villa del Rosario,Gabriel Pedro Ortiz Gonzalez,28737704,M,2005-03-31,"Calle 7, Villa del Rosario, casa 21",gabriel.ortiz23@example.com,0426-3581393,Instituto Universitario de Tecnologia,2do semestre,VESPERTINO,PUBLICA,2,0,NINGUNO,NO,"utiles, transporte, tecnologia","alimentacion_apoyo, ayuda_economica",Banco Bicentenario,Corriente,01750000187104923915,SI,Lunes y miercoles,La Villa
2026-08-24,Zulia,ROSARIO DE PERIJA,SIXTO ZAMBRANO,La Esperanza,Maria Jorge Ramirez Torres,30791110,F,2010-04-21,"Calle 14, La Esperanza, casa 51",maria.ramirez61@example.com,0426-4259376,U.E. Nuestra Senora del Carmen,6to ano,VESPERTINO,PUBLICA,7,4,NINGUNO,SI,"alimentacion, transporte, tecnologia",ayuda_economica,Banco del Tesoro,Corriente,01630000135601157750,SI,Lunes y miercoles,foraneo
2026-08-01,Zulia,ROSARIO DE PERIJA,SIXTO ZAMBRANO,La Esperanza,Andres Daniela Torres Ortiz,29072893,M,2003-08-02,"Calle 2, La Esperanza, casa 78",andres.torres19@example.com,0414-5983551,LUZ,5to semestre,DIURNO,PUBLICA,8,2,NINGUNO,SI,"alimentacion, tecnologia, hospedaje","alimentacion_apoyo, beca",Banco Bicentenario,Corriente,01750000137063052684,SI,Sabados en la manana,La Villa
2026-08-12,Zulia,ROSARIO DE PERIJA,DONALDO GARCÍA,La Marina,Pedro Gabriel Castillo Ruiz,31171646,M,2007-05-26,"Calle 10, La Marina, casa 61",pedro.castillo64@example.com,0414-5703606,U.E. Colegio San Jose,5to ano,NOCTURNO,PRIVADA,6,2,INFORMAL,NO,"utiles, tecnologia, transporte","empleo, beca, material_escolar",Banco Nacional de Credito,Ahorro,01910000151466586321,SI,Lunes y miercoles,La Villa
2026-08-10,Zulia,ROSARIO DE PERIJA,EL ROSARIO,La Paz,Diego Jorge Lopez Gonzalez,28466225,M,2003-12-25,"Calle 9, La Paz, casa 78",diego.lopez5@example.com,0414-6111026,U.E. Dr. Rafael Urdaneta,5to ano,DIURNO,PUBLICA,4,1,NINGUNO,NO,matricula,"ayuda_economica, material_escolar",Banesco,Ahorro,01340000282550026760,SI,Lunes y miercoles,La Villa
2026-08-29,Zulia,ROSARIO DE PERIJA,SIXTO ZAMBRANO,Corito,Jorge Sofia Vargas Benitez,25637682,M,2009-05-15,"Calle 17, Corito, casa 23",jorge.vargas93@example.com,0414-3314347,URBE,2do semestre,NOCTURNO,PRIVADA,3,3,INFORMAL,SI,"utiles, tecnologia, alimentacion","empleo, alimentacion_apoyo",Banesco,Ahorro,01340000688163373365,NO,,foraneo
2026-08-27,Zulia,ROSARIO DE PERIJA,DONALDO GARCÍA,El Recreo,Andres Jesus Benitez Martinez,31147818,F,2009-09-29,"Calle 16, El Recreo, casa 45",andres.benitez90@example.com,0416-1309786,U.E. Colegio San Jose,5to ano,DIURNO,PRIVADA,8,1,INFORMAL,SI,utiles,"material_escolar, ayuda_economica",Banco del Tesoro,Corriente,01630000251980178457,NO,,foraneo
2026-08-30,Zulia,ROSARIO DE PERIJA,EL ROSARIO,La Paz,Pedro Fernando Gonzalez Martinez,29510674,F,2004-05-26,"Calle 12, La Paz, casa 89",pedro.gonzalez16@example.com,0424-4324088,U.E. Dr. Rafael Urdaneta,5to ano,NOCTURNO,PUBLICA,6,4,FORMAL,NO,alimentacion,"ayuda_economica, transporte_apoyo",Banesco,Corriente,01340000579823190124,NO,,foraneo
2026-08-15,Zulia,ROSARIO DE PERIJA,SIXTO ZAMBRANO,Las Colinas,Elena Marta Romero Mendoza,25557462,M,2010-09-15,"Calle 9, Las Colinas, casa 91",elena.romero51@example.com,0416-9913390,U.E. Dr. Rafael Urdaneta,4to ano,VESPERTINO,PUBLICA,7,3,INFORMAL,NO,"transporte, utiles",transporte_apoyo,Banesco,Corriente,01340000856023799485,NO,,Maracaibo
2026-08-09,Zulia,ROSARIO DE PERIJA,SIXTO ZAMBRANO,Villa del Rosario,Marta Ana Ramirez Mendoza,27768115,F,2009-07-26,"Calle 14, Villa del Rosario, casa 24",marta.ramirez70@example.com,0426-1081932,URBE,3er semestre,NOCTURNO,PRIVADA,4,1,INFORMAL,SI,"utiles, alimentacion, tecnologia","beca, alimentacion_apoyo, empleo",Banesco,Ahorro,01340000602687469039,SI,Lunes y miercoles,La Villa
2026-08-02,Zulia,ROSARIO DE PERIJA,SIXTO ZAMBRANO,El Carmen,Carlos Sofia Fernandez Rios,25555049,F,2005-11-23,"Calle 19, El Carmen, casa 34",carlos.fernandez41@example.com,0426-5853148,U.E. Nuestra Senora del Carmen,6to ano,NOCTURNO,PUBLICA,6,5,NINGUNO,NO,"tecnologia, alimentacion",beca,Banco de Venezuela,Corriente,01020000960810604926,SI,Viernes,foraneo
2026-08-11,Zulia,ROSARIO DE PERIJA,EL ROSARIO,El progreso,Jose Valentina Gonzalez Ramirez,31963554,F,2004-08-04,"Calle 20, El progreso, casa 45",jose.gonzalez70@example.com,0426-6417162,U.E. Colegio San Jose,5to ano,NOCTURNO,PRIVADA,4,3,INFORMAL,NO,"tecnologia, alimentacion, hospedaje",alimentacion_apoyo,Banco Mercantil,Corriente,01050000130278330074,SI,Viernes,La Villa
2026-08-05,Zulia,ROSARIO DE PERIJA,DONALDO GARCÍA,La Marina,Carlos Diego Torres Lopez,31280297,F,2003-02-08,"Calle 3, La Marina, casa 82",carlos.torres15@example.com,0416-1509120,U.E. Colegio Santa Rita,5to ano,NOCTURNO,PRIVADA,7,3,FORMAL,SI,"alimentacion, transporte, tecnologia","transporte_apoyo, alimentacion_apoyo, material_escolar",Banco Mercantil,Corriente,01050000693995960437,NO,,Maracaibo
2026-08-21,Zulia,ROSARIO DE PERIJA,EL ROSARIO,Las Colinas,Diego Isabel Rios Castillo,30412989,M,2009-10-07,"Calle 18, Las Colinas, casa 33",diego.rios55@example.com,0414-3352071,URBE,1er semestre,VESPERTINO,PRIVADA,4,2,INFORMAL,NO,alimentacion,material_escolar,Banco de Venezuela,Ahorro,01020000591806513052,SI,Martes y jueves,Maracaibo
2026-08-06,Zulia,ROSARIO DE PERIJA,EL ROSARIO,Las Colinas,Pedro Marta Gonzalez Flores,28036820,M,2003-08-26,"Calle 9, Las Colinas, casa 54",pedro.gonzalez78@example.com,0412-4299546,LUZ,7mo semestre,VESPERTINO,PUBLICA,2,5,INFORMAL,SI,alimentacion,"ayuda_economica, beca",BBVA Provincial,Corriente,01080000947080045285,NO,,La Villa
2026-08-16,Zulia,ROSARIO DE PERIJA,DONALDO GARCÍA,Las Colinas,Fernando Valentina Flores Mendoza,28552195,M,2010-01-17,"Calle 4, Las Colinas, casa 79",fernando.flores24@example.com,0412-5683399,U.E. Colegio San Jose,4to ano,DIURNO,PRIVADA,4,5,INFORMAL,SI,hospedaje,ayuda_economica,Banesco,Corriente,01340000726215969620,NO,,foraneo
2026-08-29,Zulia,ROSARIO DE PERIJA,SIXTO ZAMBRANO,Las Colinas,Diego Luis Rodriguez Benitez,27159865,F,2006-02-10,"Calle 13, Las Colinas, casa 44",diego.rodriguez72@example.com,0414-5528140,URBE,4to semestre,DIURNO,PRIVADA,4,2,NINGUNO,SI,matricula,transporte_apoyo,Banco Bicentenario,Ahorro,01750000497434436371,NO,,Maracaibo
2026-08-23,Zulia,ROSARIO DE PERIJA,DONALDO GARCÍA,El progreso,Camila Jorge Romero Martinez,29959993,F,2008-07-01,"Calle 9, El progreso, casa 21",camila.romero29@example.com,0424-4532430,URBE,2do semestre,DIURNO,PRIVADA,2,2,FORMAL,SI,"alimentacion, transporte, utiles","ayuda_economica, beca",BBVA Provincial,Corriente,01080000985881006634,SI,Martes y jueves,foraneo
2026-08-03,Zulia,ROSARIO DE PERIJA,DONALDO GARCÍA,Corito,Ana Sofia Diaz Gonzalez,26661167,M,2006-03-08,"Calle 15, Corito, casa 24",ana.diaz63@example.com,0426-3440172,LUZ,3er semestre,NOCTURNO,PUBLICA,4,0,INFORMAL,SI,"matricula, tecnologia, hospedaje","alimentacion_apoyo, beca",Banco de Venezuela,Ahorro,01020000278158265473,SI,Sabados en la manana,La Villa
2026-08-16,Zulia,ROSARIO DE PERIJA,SIXTO ZAMBRANO,San Miguel,Ana Andres Perez Fernandez,29572774,M,2004-12-31,"Calle 16, San Miguel, casa 42",ana.perez78@example.com,0424-3661689,Instituto Universitario de Tecnologia,1er semestre,NOCTURNO,PUBLICA,5,0,INFORMAL,SI,alimentacion,"beca, ayuda_economica, alimentacion_apoyo",Banco del Tesoro,Ahorro,01630000178290456552,SI,Martes y jueves,Maracaibo
2026-08-17,Zulia,ROSARIO DE PERIJA,DONALDO GARCÍA,El Recreo,Camila Diego Fernandez Martinez,31051812,M,2004-12-19,"Calle 1, El Recreo, casa 63",camila.fernandez97@example.com,0426-3738342,Instituto Universitario de Tecnologia,2do semestre,DIURNO,PUBLICA,6,5,NINGUNO,SI,"alimentacion, matricula, hospedaje","transporte_apoyo, empleo, alimentacion_apoyo",Banco Occidental de Descuento,Ahorro,01160000636810459562,SI,Lunes y miercoles,Maracaibo
2026-08-28,Zulia,ROSARIO DE PERIJA,EL ROSARIO,La Esperanza,Gabriel Jesus Torres Martinez,29784412,M,2006-06-07,"Calle 13, La Esperanza, casa 94",gabriel.torres54@example.com,0426-4534717,U.E. Nuestra Senora del Carmen,5to ano,VESPERTINO,PUBLICA,7,2,NINGUNO,SI,"tecnologia, utiles",alimentacion_apoyo,Banco Mercantil,Ahorro,01050000325571129551,SI,Viernes,foraneo
2026-08-22,Zulia,ROSARIO DE PERIJA,SIXTO ZAMBRANO,El Recreo,Elena Maria Flores Suarez,30429226,M,2009-07-15,"Calle 19, El Recreo, casa 36",elena.flores72@example.com,0416-2279979,U.E. Colegio Santa Rita,5to ano,VESPERTINO,PRIVADA,6,2,NINGUNO,SI,"tecnologia, utiles",empleo,Banco del Tesoro,Ahorro,01630000270096343174,NO,,Maracaibo
2026-08-21,Zulia,ROSARIO DE PERIJA,EL ROSARIO,La Esperanza,Luis Andres Benitez Ruiz,31668802,M,2003-01-19,"Calle 1, La Esperanza, casa 6",luis.benitez29@example.com,0412-2846075,U.E. Nuestra Senora del Carmen,5to ano,DIURNO,PUBLICA,5,5,FORMAL,NO,hospedaje,"beca, material_escolar, empleo",Banesco,Ahorro,01340000374146887999,NO,,foraneo
2026-08-18,Zulia,ROSARIO DE PERIJA,EL ROSARIO,Corito,Jorge Daniela Vargas Gomez,26697058,M,2009-02-02,"Calle 17, Corito, casa 59",jorge.vargas24@example.com,0424-6526688,U.E. Colegio San Jose,5to ano,VESPERTINO,PRIVADA,8,5,FORMAL,SI,"utiles, transporte, alimentacion",beca,BBVA Provincial,Ahorro,01080000824325580803,NO,,La Villa
2026-08-15,Zulia,ROSARIO DE PERIJA,DONALDO GARCÍA,El Carmen,Carlos Camila Ramirez Benitez,25528549,M,2007-01-07,"Calle 10, El Carmen, casa 19",carlos.ramirez87@example.com,0412-8780392,U.E. Colegio San Jose,4to ano,DIURNO,PRIVADA,3,1,NINGUNO,SI,hospedaje,transporte_apoyo,Banco Occidental de Descuento,Ahorro,01160000440297497197,NO,,La Villa
2026-08-06,Zulia,ROSARIO DE PERIJA,DONALDO GARCÍA,La Esperanza,Carlos Andres Rios Ortiz,28117761,M,2008-08-26,"Calle 16, La Esperanza, casa 87",carlos.rios76@example.com,0426-7094226,URBE,4to semestre,VESPERTINO,PRIVADA,6,1,INFORMAL,NO,tecnologia,empleo,Banco Mercantil,Ahorro,01050000909688466493,SI,Viernes,foraneo
2026-08-23,Zulia,ROSARIO DE PERIJA,DONALDO GARCÍA,Las Palmeras,Maria Jesus Ortiz Perez,29807142,M,2003-08-08,"Calle 15, Las Palmeras, casa 17",maria.ortiz83@example.com,0426-9357831,Instituto Universitario de Tecnologia,1er semestre,NOCTURNO,PUBLICA,2,0,FORMAL,NO,"hospedaje, transporte, matricula","beca, ayuda_economica, material_escolar",Banco Bicentenario,Ahorro,01750000381996069252,SI,Viernes,La Villa
2026-08-05,Zulia,ROSARIO DE PERIJA,EL ROSARIO,La Esperanza,Luis Jose Diaz Vargas,27177255,M,2007-06-07,"Calle 14, La Esperanza, casa 35",luis.diaz64@example.com,0416-4351227,U.E. Nuestra Senora del Carmen,4to ano,VESPERTINO,PUBLICA,4,0,FORMAL,NO,"utiles, tecnologia",empleo,Banco de Venezuela,Corriente,01020000131387667026,NO,,Maracaibo
2026-08-25,Zulia,ROSARIO DE PERIJA,SIXTO ZAMBRANO,Las Palmeras,Gabriel Elena Suarez Perez,30502155,F,2010-06-29,"Calle 12, Las Palmeras, casa 7",gabriel.suarez17@example.com,0424-7684436,U.E. Colegio San Jose,4to ano,NOCTURNO,PRIVADA,3,5,INFORMAL,SI,"hospedaje, alimentacion, matricula","material_escolar, transporte_apoyo",Banco de Venezuela,Corriente,01020000342367281362,SI,Sabados en la manana,Maracaibo
2026-08-17,Zulia,ROSARIO DE PERIJA,EL ROSARIO,San Miguel,Marta Elena Torres Gonzalez,31312572,M,2003-09-07,"Calle 20, San Miguel, casa 59",marta.torres69@example.com,0414-8367638,URBE,3er semestre,NOCTURNO,PRIVADA,8,1,INFORMAL,SI,"tecnologia, transporte","material_escolar, ayuda_economica",Banco Mercantil,Ahorro,01050000616078068529,NO,,foraneo
2026-08-02,Zulia,ROSARIO DE PERIJA,EL ROSARIO,Villa del Rosario,Diego Andres Rodriguez Martinez,31474695,M,2010-08-08,"Calle 9, Villa del Rosario, casa 71",diego.rodriguez74@example.com,0426-6142691,U.E. Colegio Santa Rita,5to ano,NOCTURNO,PRIVADA,5,3,NINGUNO,NO,"utiles, transporte, hospedaje","material_escolar, transporte_apoyo",Banco Mercantil,Corriente,01050000659702355170,SI,Viernes,foraneo
2026-08-04,Zulia,ROSARIO DE PERIJA,EL ROSARIO,Las Palmeras,Andres Jorge Fernandez Flores,30482316,M,2008-12-03,"Calle 18, Las Palmeras, casa 72",andres.fernandez88@example.com,0412-5058873,LUZ,5to semestre,NOCTURNO,PUBLICA,6,2,NINGUNO,NO,"hospedaje, matricula, transporte","ayuda_economica, empleo",Banco de Venezuela,Corriente,01020000755801256615,SI,Lunes y miercoles,Maracaibo
2026-08-07,Zulia,ROSARIO DE PERIJA,SIXTO ZAMBRANO,San Miguel,Fernando Maria Flores Gonzalez,25856955,F,2009-04-10,"Calle 14, San Miguel, casa 11",fernando.flores95@example.com,0416-8335002,LUZ,7mo semestre,NOCTURNO,PUBLICA,7,1,FORMAL,NO,transporte,ayuda_economica,Banco del Tesoro,Ahorro,01630000410081756987,NO,,foraneo
2026-08-16,Zulia,ROSARIO DE PERIJA,EL ROSARIO,Villa del Rosario,Valentina Jose Gonzalez Perez,25333677,F,2004-05-21,"Calle 19, Villa del Rosario, casa 6",valentina.gonzalez9@example.com,0414-7946914,Instituto Universitario de Tecnologia,4to semestre,VESPERTINO,PUBLICA,7,5,INFORMAL,NO,"alimentacion, hospedaje","material_escolar, alimentacion_apoyo, transporte_apoyo",Banco Mercantil,Ahorro,01050000163754766138,NO,,Maracaibo
2026-08-30,Zulia,ROSARIO DE PERIJA,DONALDO GARCÍA,La Marina,Luis Valentina Gonzalez Romero,26926584,F,2009-01-21,"Calle 7, La Marina, casa 31",luis.gonzalez45@example.com,0424-7682583,Instituto Universitario de Tecnologia,2do semestre,NOCTURNO,PUBLICA,7,1,NINGUNO,NO,alimentacion,"transporte_apoyo, beca, empleo",Banco Occidental de Descuento,Corriente,01160000799082108269,SI,Sabados en la manana,Maracaibo
2026-08-16,Zulia,ROSARIO DE PERIJA,EL ROSARIO,Las Colinas,Jesus Isabel Fernandez Ortiz,31058367,F,2005-02-13,"Calle 5, Las Colinas, casa 82",jesus.fernandez68@example.com,0414-9855135,URBE,1er semestre,NOCTURNO,PRIVADA,4,5,FORMAL,SI,"utiles, tecnologia, matricula",beca,Banco Occidental de Descuento,Corriente,01160000156927809337,SI,Lunes y miercoles,foraneo
2026-08-01,Zulia,ROSARIO DE PERIJA,EL ROSARIO,Centro,Ana Valentina Suarez Mendoza,28690844,F,2003-11-26,"Calle 19, Centro, casa 92",ana.suarez54@example.com,0414-2892061,U.E. Colegio Santa Rita,5to ano,VESPERTINO,PRIVADA,8,2,NINGUNO,NO,alimentacion,"material_escolar, transporte_apoyo",Banco de Venezuela,Ahorro,01020000293281146263,NO,,La Villa
2026-08-08,Zulia,ROSARIO DE PERIJA,SIXTO ZAMBRANO,La Esperanza,Valentina Jorge Torres Fernandez,27487459,M,2007-07-19,"Calle 19, La Esperanza, casa 95",valentina.torres22@example.com,0426-6616385,URBE,1er semestre,DIURNO,PRIVADA,3,4,FORMAL,NO,"transporte, matricula, alimentacion","ayuda_economica, material_escolar",Banco Bicentenario,Ahorro,01750000352810069503,NO,,Maracaibo
2026-08-28,Zulia,ROSARIO DE PERIJA,SIXTO ZAMBRANO,Centro,Jose Isabel Ramirez Vargas,31522272,F,2003-11-23,"Calle 18, Centro, casa 32",jose.ramirez2@example.com,0424-7892015,U.E. Colegio Santa Rita,4to ano,NOCTURNO,PRIVADA,7,5,NINGUNO,NO,"utiles, tecnologia, alimentacion","material_escolar, beca, transporte_apoyo",BBVA Provincial,Corriente,01080000154436546510,SI,Martes y jueves,Maracaibo
2026-08-05,Zulia,ROSARIO DE PERIJA,DONALDO GARCÍA,El progreso,Jesus Andres Gomez Rios,31753606,F,2006-01-30,"Calle 19, El progreso, casa 68",jesus.gomez29@example.com,0412-6092199,Instituto Universitario de Tecnologia,2do semestre,VESPERTINO,PUBLICA,8,3,NINGUNO,NO,alimentacion,"ayuda_economica, transporte_apoyo",Banco Nacional de Credito,Corriente,01910000618502585749,NO,,Maracaibo
2026-08-14,Zulia,ROSARIO DE PERIJA,DONALDO GARCÍA,Las Colinas,Jorge Maria Benitez Suarez,31606732,M,2006-08-12,"Calle 6, Las Colinas, casa 55",jorge.benitez70@example.com,0416-9782379,U.E. Nuestra Senora del Carmen,4to ano,VESPERTINO,PUBLICA,6,0,INFORMAL,NO,hospedaje,empleo,Banesco,Ahorro,01340000648474514021,NO,,Maracaibo
2026-08-06,Zulia,ROSARIO DE PERIJA,EL ROSARIO,El Carmen,Maria Lucia Diaz Lopez,28379976,M,2007-05-07,"Calle 12, El Carmen, casa 12",maria.diaz6@example.com,0414-7971955,URBE,1er semestre,VESPERTINO,PRIVADA,2,2,FORMAL,SI,"tecnologia, utiles","ayuda_economica, alimentacion_apoyo",Banco del Tesoro,Corriente,01630000446295635889,SI,Sabados en la manana,La Villa
2026-08-28,Zulia,ROSARIO DE PERIJA,SIXTO ZAMBRANO,El progreso,Isabel Daniela Flores Vargas,30195494,F,2005-10-12,"Calle 9, El progreso, casa 90",isabel.flores60@example.com,0414-9985356,U.E. Dr. Rafael Urdaneta,5to ano,NOCTURNO,PUBLICA,7,5,INFORMAL,SI,"matricula, hospedaje, tecnologia",empleo,Banco Occidental de Descuento,Corriente,01160000292797310146,SI,Sabados en la manana,foraneo
2026-08-24,Zulia,ROSARIO DE PERIJA,DONALDO GARCÍA,La Marina,Valentina Ana Mendoza Rodriguez,28849655,F,2010-04-02,"Calle 15, La Marina, casa 63",valentina.mendoza84@example.com,0424-3924380,URBE,3er semestre,NOCTURNO,PRIVADA,4,0,NINGUNO,SI,utiles,"beca, material_escolar, ayuda_economica",Banesco,Corriente,01340000103379775872,SI,Lunes y miercoles,foraneo
2026-08-15,Zulia,ROSARIO DE PERIJA,DONALDO GARCÍA,La Paz,Carlos Jose Flores Suarez,26640613,M,2007-05-21,"Calle 2, La Paz, casa 57",carlos.flores70@example.com,0416-5094238,Instituto Universitario de Tecnologia,2do semestre,NOCTURNO,PUBLICA,3,1,NINGUNO,NO,tecnologia,"transporte_apoyo, material_escolar, empleo",Banco Bicentenario,Ahorro,01750000495335831858,NO,,foraneo
2026-08-10,Zulia,ROSARIO DE PERIJA,SIXTO ZAMBRANO,San Miguel,Valentina Ana Rios Rodriguez,27013630,M,2006-08-21,"Calle 19, San Miguel, casa 14",valentina.rios96@example.com,0412-3206827,URBE,2do semestre,NOCTURNO,PRIVADA,8,1,NINGUNO,NO,alimentacion,"beca, empleo",Banesco,Corriente,01340000798685370986,SI,Martes y jueves,Maracaibo
2026-08-18,Zulia,ROSARIO DE PERIJA,EL ROSARIO,La Marina,Ana Camila Gonzalez Rodriguez,29287612,F,2005-03-02,"Calle 2, La Marina, casa 54",ana.gonzalez62@example.com,0412-7382844,LUZ,3er semestre,NOCTURNO,PUBLICA,2,2,INFORMAL,NO,"hospedaje, alimentacion","material_escolar, beca",BBVA Provincial,Ahorro,01080000254273330632,NO,,Maracaibo
2026-08-13,Zulia,ROSARIO DE PERIJA,SIXTO ZAMBRANO,La Marina,Luis Jesus Mendoza Benitez,30501326,F,2008-01-09,"Calle 14, La Marina, casa 49",luis.mendoza91@example.com,0412-2249329,U.E. Colegio San Jose,4to ano,VESPERTINO,PRIVADA,5,0,NINGUNO,NO,hospedaje,"beca, ayuda_economica",Banco Occidental de Descuento,Ahorro,01160000220358501447,NO,,foraneo
2026-08-09,Zulia,ROSARIO DE PERIJA,SIXTO ZAMBRANO,El progreso,Jorge Daniela Diaz Gonzalez,25730999,F,2007-08-19,"Calle 12, El progreso, casa 7",jorge.diaz64@example.com,0426-3103589,U.E. Nuestra Senora del Carmen,4to ano,VESPERTINO,PUBLICA,7,0,INFORMAL,NO,transporte,"alimentacion_apoyo, beca",Banco Bicentenario,Corriente,01750000114288610023,NO,,foraneo
2026-08-28,Zulia,ROSARIO DE PERIJA,DONALDO GARCÍA,Las Palmeras,Ana Sofia Ramirez Lopez,29190287,M,2006-04-27,"Calle 6, Las Palmeras, casa 75",ana.ramirez19@example.com,0414-6870834,LUZ,5to semestre,VESPERTINO,PUBLICA,3,1,FORMAL,SI,"transporte, utiles, matricula","transporte_apoyo, ayuda_economica, alimentacion_apoyo",Banco Mercantil,Ahorro,01050000718399939384,SI,Viernes,Maracaibo
2026-08-22,Zulia,ROSARIO DE PERIJA,EL ROSARIO,Centro,Pedro Andres Flores Rodriguez,29230551,M,2009-07-08,"Calle 8, Centro, casa 52",pedro.flores75@example.com,0412-7905421,U.E. Colegio San Jose,5to ano,NOCTURNO,PRIVADA,7,1,NINGUNO,NO,"hospedaje, tecnologia, transporte","empleo, ayuda_economica, beca",Banco Mercantil,Corriente,01050000330965436762,NO,,Maracaibo
2026-08-24,Zulia,ROSARIO DE PERIJA,DONALDO GARCÍA,La Paz,Marta Camila Rios Ramirez,26144110,F,2008-04-19,"Calle 2, La Paz, casa 27",marta.rios91@example.com,0414-6335479,U.E. Colegio Santa Rita,4to ano,NOCTURNO,PRIVADA,7,0,INFORMAL,SI,hospedaje,"transporte_apoyo, beca, ayuda_economica",Banco Occidental de Descuento,Corriente,01160000586553171431,NO,,La Villa
2026-08-26,Zulia,ROSARIO DE PERIJA,DONALDO GARCÍA,San Jose,Diego Maria Fernandez Rios,31629809,F,2006-06-01,"Calle 3, San Jose, casa 63",diego.fernandez31@example.com,0412-9090251,U.E. Nuestra Senora del Carmen,5to ano,DIURNO,PUBLICA,7,4,FORMAL,NO,"tecnologia, alimentacion, transporte","transporte_apoyo, ayuda_economica, empleo",Banco Bicentenario,Ahorro,01750000214830614138,NO,,La Villa